id,ip_address,date
1,138.222.253.186,2022/07/24
2,173.139.2.167,2022/07/20
3,25.234.1.145,2022/03/13
4,44.166.51.10,2022/03/03
5,77.118.67.219,2022/08/28
6,64.20.108.220,2022/06/15
7,204.32.64.52,2022/02/27
8,115.69.83.126,2021/12/04
9,10.56.18.78,2022/05/30
10,41.58.58.25,2022/10/25
11,10.2.95.155,2021/11/07
12,168.196.238.43,2022/08/21
13,149.187.76.51,2022/01/13
14,195.156.42.162,2022/04/30
15,131.120.210.223,2022/01/01
16,136.18.133.4,2022/03/18
17,249.205.111.204,2022/06/06
18,55.234.169.208,2022/08/09
19,108.42.75.122,2022/07/07
20,174.136.134.100,2022/09/28
21,239.80.109.177,2022/03/27
22,39.143.215.96,2022/04/05
23,157.57.95.192,2022/02/15
24,53.129.158.60,2022/04/13
25,251.134.31.211,2021/12/17
26,87.61.93.12,2022/03/22
27,222.5.169.201,2021/11/10
28,236.102.122.83,2022/06/27
29,127.120.5.216,2022/02/08
30,244.32.170.254,2022/10/30
31,48.183.38.229,2022/05/22
32,89.167.136.140,2022/09/01
33,229.50.238.165,2022/11/03
34,15.102.243.52,2022/05/22
35,9.2.148.246,2022/07/09
36,217.59.54.207,2022/09/30
37,65.193.60.41,2022/06/21
38,28.215.131.156,2022/08/29
39,21.143.29.119,2022/04/16
40,154.204.40.205,2022/07/22
41,156.124.30.95,2021/11/07
42,135.69.86.66,2021/12/13
43,186.229.205.222,2022/01/21
44,10.87.114.35,2022/09/02
45,141.193.66.253,2022/03/19
46,121.73.231.78,2021/12/18
47,117.107.134.163,2021/12/21
48,43.19.35.227,2022/02/13
49,229.184.214.237,2022/10/23
50,72.117.233.180,2022/03/29
51,197.106.186.195,2022/01/16
52,63.48.195.174,2022/02/03
53,239.234.251.87,2022/07/02
54,240.31.252.71,2022/10/13
55,166.213.73.86,2022/04/04
56,179.118.242.26,2022/06/01
57,152.128.147.27,2021/12/21
58,5.35.97.170,2022/06/11
59,240.133.69.160,2022/01/26
60,27.203.103.26,2022/09/06
61,133.57.42.123,2021/11/17
62,142.56.123.250,2021/11/16
63,63.180.2.190,2021/12/14
64,44.233.59.27,2022/10/08
65,60.139.142.64,2021/12/04
66,101.22.11.144,2022/04/23
67,61.73.207.253,2022/08/27
68,248.165.189.170,2022/05/19
69,21.45.6.44,2022/07/14
70,100.99.252.235,2022/05/06
71,83.17.92.193,2022/04/25
72,77.248.23.122,2022/10/25
73,94.7.128.83,2022/05/08
74,200.103.52.251,2022/04/26
75,69.121.184.134,2022/10/30
76,76.116.196.107,2022/03/22
77,202.248.26.144,2022/09/08
78,234.251.4.212,2021/11/21
79,196.196.243.100,2022/10/24
80,124.186.141.192,2022/01/25
81,185.209.108.24,2022/09/23
82,113.75.152.173,2022/04/22
83,234.66.178.248,2022/04/09
84,198.225.121.202,2022/07/06
85,194.143.53.185,2022/03/20
86,70.42.211.205,2022/01/28
87,33.75.201.79,2022/06/14
88,55.195.25.77,2022/04/23
89,14.5.75.238,2022/04/15
90,162.50.2.22,2022/08/09
91,160.81.12.77,2021/12/21
92,49.174.60.130,2022/04/18
93,115.129.110.154,2022/10/31
94,7.114.152.225,2022/06/25
95,173.236.32.62,2022/06/05
96,2.196.73.152,2021/11/22
97,186.35.136.175,2022/06/11
98,202.236.110.214,2022/04/17
99,219.97.3.17,2022/07/09
100,26.33.213.255,2022/07/04
101,182.133.16.30,2022/05/10
102,107.38.99.147,2022/08/18
103,193.133.155.118,2022/07/25
104,139.118.146.170,2022/08/22
105,97.112.119.171,2022/08/08
106,245.102.81.177,2022/04/18
107,153.139.176.151,2022/06/26
108,121.161.102.228,2022/09/18
109,169.58.229.200,2022/02/25
110,126.30.231.140,2022/06/18
111,141.213.67.164,2022/08/14
112,43.100.183.129,2022/02/16
113,98.230.120.240,2022/03/13
114,201.140.189.14,2022/10/19
115,40.209.73.206,2022/02/02
116,121.116.49.245,2021/12/30
117,174.175.71.84,2022/01/09
118,133.41.43.228,2022/03/25
119,51.0.13.80,2022/02/10
120,109.57.94.9,2022/06/11
121,167.82.13.223,2022/02/24
122,129.241.172.159,2022/03/24
123,130.192.175.183,2022/03/20
124,150.37.56.105,2021/12/10
125,255.161.170.61,2022/02/27
126,97.36.161.237,2022/07/14
127,255.169.28.27,2022/10/01
128,188.188.10.228,2022/09/18
129,238.165.158.42,2022/09/19
130,89.59.148.158,2022/06/20
131,46.122.133.84,2021/11/15
132,240.179.56.217,2022/08/19
133,140.195.40.107,2022/06/10
134,72.172.53.40,2022/03/18
135,10.23.48.27,2022/03/02
136,133.215.12.157,2021/11/10
137,76.125.48.136,2022/07/07
138,145.37.238.232,2022/02/26
139,126.252.19.20,2021/11/15
140,87.25.211.155,2021/11/24
141,102.118.138.227,2022/08/02
142,102.217.48.52,2022/04/07
143,80.86.81.120,2022/06/06
144,136.248.73.141,2022/01/23
145,138.244.106.56,2022/07/02
146,246.202.119.153,2022/07/02
147,62.225.119.133,2022/10/15
148,166.196.228.94,2022/04/02
149,22.71.156.199,2022/04/10
150,229.252.166.205,2022/01/09
151,177.214.239.145,2022/01/24
152,251.29.162.222,2022/09/19
153,162.113.248.66,2022/01/13
154,224.121.115.60,2022/08/19
155,65.39.33.147,2022/03/09
156,179.205.48.176,2022/07/08
157,155.96.33.66,2021/11/28
158,197.217.189.88,2022/03/16
159,24.216.136.100,2022/07/11
160,46.149.60.162,2022/04/01
161,163.163.112.165,2022/09/07
162,109.87.73.226,2022/05/18
163,213.227.147.140,2022/01/04
164,62.138.138.122,2021/12/14
165,103.25.52.31,2022/05/30
166,32.231.49.58,2022/01/09
167,248.131.56.218,2022/09/28
168,152.18.140.74,2022/10/16
169,239.6.117.153,2022/10/17
170,205.22.231.92,2022/08/06
171,160.197.94.227,2022/10/01
172,78.144.229.189,2022/05/13
173,253.226.69.177,2022/10/05
174,68.184.33.82,2021/12/28
175,84.85.214.79,2021/11/16
176,251.24.93.215,2022/03/08
177,230.84.144.183,2022/04/09
178,124.121.73.92,2022/01/23
179,204.21.61.76,2022/03/22
180,124.3.164.30,2022/07/31
181,5.140.171.131,2022/09/27
182,56.235.161.47,2021/11/28
183,206.156.188.103,2022/01/01
184,9.151.84.45,2022/02/18
185,53.171.215.48,2022/03/06
186,101.173.235.150,2022/02/09
187,202.222.233.14,2022/03/10
188,158.1.7.127,2022/06/09
189,214.80.195.81,2021/12/19
190,69.61.165.104,2022/03/10
191,56.90.217.45,2022/07/30
192,2.237.17.43,2021/12/31
193,46.108.30.38,2022/09/16
194,150.185.68.108,2021/12/12
195,153.7.220.80,2022/09/27
196,9.228.110.119,2021/11/29
197,235.164.166.185,2022/01/13
198,0.135.209.34,2021/12/25
199,32.243.181.53,2022/09/12
200,215.91.30.118,2022/04/12
201,54.198.73.62,2021/12/15
202,91.214.219.187,2022/09/06
203,205.133.161.92,2022/05/07
204,237.181.27.181,2022/08/23
205,250.157.177.131,2022/02/01
206,198.222.135.12,2022/02/20
207,19.243.205.180,2022/01/01
208,213.106.251.80,2022/08/02
209,66.33.150.54,2022/10/11
210,185.248.89.23,2022/04/20
211,255.118.12.160,2022/09/25
212,232.8.74.249,2021/12/28
213,98.50.205.208,2022/04/20
214,96.203.146.55,2022/10/04
215,42.64.216.91,2022/05/04
216,223.59.226.145,2021/11/24
217,97.75.135.212,2022/10/15
218,212.3.28.234,2022/01/09
219,159.126.221.132,2022/07/07
220,241.144.105.62,2022/10/05
221,30.119.243.111,2022/07/03
222,20.96.100.156,2022/01/13
223,106.211.164.39,2022/09/07
224,59.165.22.155,2022/06/16
225,248.183.235.134,2022/05/21
226,253.145.150.88,2021/12/06
227,252.165.122.250,2022/10/01
228,236.63.215.243,2022/01/22
229,55.188.237.98,2022/10/20
230,95.16.173.143,2022/11/01
231,71.116.95.161,2022/04/06
232,40.43.232.225,2022/06/11
233,157.59.156.246,2022/05/09
234,97.70.238.113,2021/12/21
235,63.79.89.206,2022/05/30
236,65.121.148.60,2022/07/22
237,177.168.176.142,2022/08/25
238,137.26.195.45,2021/12/11
239,64.28.79.166,2021/12/10
240,141.11.239.121,2022/10/24
241,96.168.241.74,2022/01/03
242,52.158.9.7,2022/06/11
243,93.123.126.0,2022/10/15
244,116.31.28.66,2022/04/02
245,137.95.90.192,2021/11/29
246,147.1.49.29,2022/05/21
247,165.84.8.89,2022/07/24
248,205.50.9.248,2022/07/27
249,178.202.80.226,2022/09/24
250,224.160.229.236,2022/07/23
251,227.3.62.63,2022/09/18
252,179.83.191.107,2022/03/15
253,26.220.249.65,2022/11/02
254,243.35.80.13,2022/03/24
255,180.9.165.222,2022/08/25
256,175.138.16.185,2022/09/16
257,127.142.7.252,2022/03/12
258,20.71.24.187,2022/04/03
259,68.220.179.213,2021/12/29
260,208.210.96.6,2022/01/27
261,240.41.198.43,2021/11/18
262,199.56.249.53,2022/06/10
263,56.149.184.47,2022/02/01
264,10.190.220.65,2022/04/06
265,44.231.255.250,2022/06/21
266,176.113.54.163,2022/01/24
267,18.192.0.225,2022/10/06
268,198.105.127.43,2021/12/01
269,224.197.23.207,2022/05/06
270,178.36.35.242,2022/08/26
271,206.82.119.234,2022/01/08
272,118.206.110.228,2022/07/16
273,27.206.206.212,2022/05/02
274,136.60.68.73,2021/11/21
275,112.211.188.44,2022/03/18
276,48.20.23.67,2022/09/15
277,223.250.185.177,2022/08/17
278,232.76.234.214,2022/09/05
279,187.27.86.28,2021/12/03
280,12.179.236.218,2022/10/24
281,253.108.169.134,2021/11/11
282,223.156.27.147,2022/06/09
283,142.120.158.1,2022/04/07
284,159.42.217.207,2022/04/19
285,208.241.92.195,2022/03/21
286,61.104.166.72,2022/05/09
287,153.208.201.18,2022/02/26
288,223.196.9.229,2022/09/03
289,0.210.216.116,2022/10/09
290,72.144.130.80,2022/07/31
291,55.35.48.133,2022/10/22
292,168.74.11.86,2022/09/25
293,205.218.53.43,2022/06/30
294,18.184.158.48,2022/06/02
295,89.105.130.179,2022/08/30
296,228.97.40.171,2021/12/19
297,70.87.75.179,2022/03/22
298,241.136.236.185,2022/01/29
299,206.37.242.136,2021/11/29
300,28.14.225.74,2022/05/02
301,127.47.92.57,2022/10/05
302,244.55.243.63,2022/03/14
303,77.64.98.121,2022/03/09
304,123.158.186.238,2021/12/04
305,253.114.59.63,2022/03/06
306,107.201.35.110,2022/05/19
307,157.253.42.180,2022/09/25
308,69.60.113.23,2022/03/04
309,93.172.173.41,2021/11/28
310,225.93.145.214,2022/10/17
311,32.51.54.219,2022/07/11
312,63.8.188.122,2022/03/24
313,165.252.117.238,2022/05/18
314,147.159.185.146,2022/03/08
315,154.233.193.109,2022/07/19
316,37.226.221.111,2022/10/28
317,72.237.18.46,2022/05/27
318,219.184.57.70,2022/10/02
319,181.143.126.8,2022/01/08
320,209.227.27.217,2022/06/13
321,238.163.206.202,2022/01/08
322,11.207.53.231,2022/07/01
323,228.183.204.134,2021/12/15
324,93.118.71.181,2022/10/26
325,75.83.194.68,2022/10/10
326,243.223.225.116,2022/10/20
327,138.216.64.50,2022/04/29
328,102.67.83.106,2022/10/10
329,23.147.2.151,2022/08/26
330,238.237.39.135,2022/09/01
331,98.99.78.184,2022/02/19
332,167.224.194.156,2021/12/21
333,209.232.80.47,2022/08/07
334,234.122.82.237,2021/11/08
335,164.239.31.47,2022/11/03
336,218.61.197.19,2022/05/08
337,151.221.122.208,2022/02/23
338,152.99.223.180,2022/08/07
339,96.108.154.153,2022/08/05
340,122.194.25.11,2022/03/27
341,206.94.78.110,2022/11/02
342,106.71.183.114,2022/04/12
343,152.109.72.87,2022/04/18
344,95.237.139.13,2022/02/19
345,223.186.77.212,2021/11/30
346,245.54.190.180,2022/05/14
347,178.63.36.77,2022/01/16
348,114.64.141.138,2022/09/29
349,25.3.244.82,2022/02/16
350,211.143.88.186,2021/12/05
351,197.116.76.29,2022/06/15
352,221.88.211.90,2022/02/05
353,155.64.78.2,2022/05/26
354,202.98.152.37,2022/03/15
355,145.164.224.161,2022/02/01
356,116.182.248.208,2022/02/27
357,28.167.246.50,2022/08/30
358,229.145.255.190,2022/10/13
359,35.39.239.207,2022/07/26
360,216.216.123.113,2022/03/13
361,224.110.139.112,2022/02/19
362,103.168.15.224,2022/03/01
363,201.189.182.103,2022/09/20
364,171.168.41.64,2022/10/21
365,89.135.32.143,2022/05/05
366,5.69.239.156,2022/01/07
367,208.240.43.186,2022/09/20
368,1.103.44.97,2022/08/27
369,177.233.183.226,2022/10/30
370,211.56.65.10,2022/06/04
371,43.142.253.29,2022/04/17
372,82.109.139.246,2022/03/03
373,92.34.116.111,2022/06/30
374,213.163.59.118,2022/03/21
375,213.69.236.211,2022/05/22
376,136.17.237.166,2022/09/29
377,72.76.125.9,2022/05/20
378,70.166.47.52,2022/02/16
379,143.16.97.64,2022/10/13
380,252.1.241.103,2022/08/20
381,69.183.139.158,2021/12/13
382,91.79.216.151,2022/05/29
383,96.234.194.114,2022/07/10
384,187.108.134.218,2022/07/15
385,103.126.154.185,2022/04/16
386,7.229.50.129,2022/07/22
387,188.186.53.119,2022/07/02
388,187.34.112.22,2022/09/08
389,109.96.253.50,2021/12/12
390,167.5.134.61,2021/11/30
391,76.76.230.142,2022/05/05
392,205.79.206.230,2022/10/07
393,82.55.69.26,2022/08/05
394,173.255.116.18,2022/09/28
395,71.105.183.14,2022/04/22
396,3.146.83.210,2022/06/21
397,7.123.82.182,2021/12/27
398,22.213.167.86,2022/03/19
399,23.253.122.81,2022/06/22
400,180.230.225.113,2022/09/29
401,168.4.2.227,2022/07/03
402,174.112.1.79,2021/12/17
403,235.240.37.49,2022/04/14
404,48.135.142.214,2022/10/08
405,110.117.253.68,2022/08/05
406,251.51.103.208,2021/12/05
407,171.2.93.146,2021/12/19
408,58.150.238.206,2021/11/10
409,138.73.244.246,2021/11/30
410,234.197.236.85,2022/05/20
411,133.28.192.165,2022/02/22
412,246.222.28.114,2021/11/22
413,41.2.235.34,2022/01/24
414,18.105.37.6,2021/11/14
415,94.0.127.67,2022/08/19
416,219.182.68.64,2022/07/25
417,93.107.254.59,2022/05/29
418,107.219.12.133,2021/12/29
419,155.43.102.174,2022/06/09
420,87.124.129.87,2022/05/05
421,253.46.60.27,2022/06/09
422,239.51.63.75,2022/01/27
423,152.211.67.204,2022/05/12
424,88.3.24.165,2022/01/13
425,44.205.233.252,2022/10/07
426,171.25.111.204,2022/08/20
427,204.17.99.34,2022/06/10
428,200.175.60.155,2022/03/18
429,167.31.254.92,2022/03/12
430,178.176.191.104,2022/07/31
431,184.32.231.254,2021/11/07
432,149.53.147.230,2022/06/23
433,180.76.33.99,2022/02/16
434,202.146.204.169,2021/11/18
435,132.247.83.79,2022/01/09
436,168.136.188.59,2022/01/26
437,242.46.208.142,2022/09/06
438,196.193.6.43,2021/12/11
439,53.211.185.94,2022/01/07
440,208.170.73.186,2022/08/24
441,183.110.87.60,2022/04/29
442,16.134.222.161,2022/08/06
443,39.192.129.19,2021/11/06
444,123.91.36.26,2022/06/29
445,72.122.223.82,2022/04/28
446,147.31.55.228,2022/09/07
447,166.90.176.49,2022/03/13
448,156.218.183.187,2022/10/25
449,165.149.168.22,2022/02/25
450,112.79.110.2,2022/01/05
451,42.61.161.69,2022/04/02
452,97.8.42.205,2021/11/25
453,203.107.1.167,2022/03/13
454,247.63.43.233,2022/08/13
455,71.226.106.82,2022/01/06
456,211.194.248.166,2022/07/24
457,165.136.124.88,2022/06/05
458,53.113.108.157,2021/11/16
459,45.4.174.244,2022/07/04
460,25.157.80.66,2022/06/16
461,117.62.217.240,2021/12/10
462,24.174.170.20,2022/09/26
463,169.143.81.28,2022/05/26
464,214.245.156.143,2022/07/23
465,131.0.183.161,2022/08/11
466,115.4.119.209,2022/01/28
467,37.101.57.47,2022/07/26
468,157.214.100.62,2022/09/15
469,248.13.179.177,2022/02/23
470,42.173.214.2,2022/06/05
471,178.236.121.181,2022/03/05
472,239.16.182.203,2022/08/09
473,12.187.8.207,2021/11/14
474,43.91.131.121,2022/04/19
475,177.196.55.187,2022/10/12
476,166.28.194.116,2022/03/11
477,110.57.100.108,2022/03/11
478,58.112.162.37,2022/02/20
479,7.18.196.174,2022/08/01
480,106.253.181.63,2022/02/11
481,115.217.108.12,2022/09/21
482,213.84.72.171,2022/10/14
483,101.81.70.153,2021/11/15
484,144.124.72.116,2022/05/23
485,84.121.137.7,2022/02/18
486,67.136.39.185,2022/07/11
487,224.99.249.81,2022/05/26
488,230.98.147.22,2022/08/11
489,237.146.250.196,2022/10/12
490,82.236.53.146,2022/10/28
491,11.222.197.146,2022/10/29
492,86.224.82.6,2021/12/16
493,52.17.139.71,2022/02/20
494,149.30.179.22,2022/05/30
495,182.0.200.236,2022/07/19
496,143.232.223.204,2022/03/23
497,90.172.141.209,2022/07/24
498,18.163.176.198,2022/09/13
499,74.196.86.210,2022/05/26
500,80.244.99.184,2022/06/29
501,132.174.56.167,2022/02/03
502,72.173.64.83,2022/11/01
503,155.125.74.186,2022/10/03
504,26.232.177.214,2022/02/08
505,248.186.40.116,2022/01/11
506,153.216.160.42,2022/07/30
507,45.44.216.61,2022/08/03
508,114.190.215.165,2022/02/15
509,216.169.157.231,2022/08/07
510,226.214.43.193,2022/10/17
511,17.140.109.68,2022/04/22
512,102.222.98.132,2022/01/04
513,5.247.167.55,2022/08/30
514,102.217.192.193,2022/04/30
515,233.57.202.134,2022/03/17
516,167.95.29.58,2021/11/06
517,15.65.50.126,2022/01/11
518,254.48.197.157,2021/11/22
519,249.59.212.218,2022/06/26
520,138.24.226.101,2022/07/14
521,46.196.149.150,2022/04/22
522,133.53.248.131,2022/09/22
523,237.111.213.202,2021/12/30
524,209.115.148.80,2022/02/05
525,170.251.198.96,2022/10/26
526,241.43.6.131,2022/07/05
527,39.160.197.15,2022/06/18
528,48.151.118.242,2022/02/20
529,252.110.240.57,2022/03/09
530,224.34.96.16,2022/03/11
531,67.45.98.208,2021/11/12
532,170.172.135.107,2021/11/25
533,145.227.211.36,2022/06/07
534,62.166.215.197,2022/07/08
535,112.89.231.69,2022/03/16
536,177.99.51.175,2022/05/15
537,20.221.73.24,2022/05/30
538,8.24.178.210,2022/03/05
539,20.124.8.76,2022/07/28
540,186.135.20.87,2022/02/12
541,40.26.170.221,2021/12/07
542,253.57.113.184,2022/04/13
543,216.0.107.23,2022/10/01
544,179.224.2.5,2022/04/17
545,166.122.249.129,2022/10/12
546,36.246.58.78,2022/04/03
547,96.192.47.219,2022/02/11
548,214.25.8.170,2022/08/15
549,16.141.153.253,2021/11/08
550,106.136.198.171,2022/07/21
551,172.54.182.81,2022/07/26
552,40.77.213.14,2022/06/02
553,70.88.219.108,2022/01/10
554,131.230.49.51,2022/06/13
555,163.220.150.252,2022/07/29
556,108.34.40.6,2022/02/22
557,28.50.192.156,2022/01/06
558,197.177.59.23,2022/02/13
559,40.99.109.170,2022/10/01
560,104.152.234.49,2022/09/12
561,126.215.179.247,2022/08/26
562,2.255.221.229,2022/04/02
563,245.115.170.208,2022/05/21
564,19.100.93.151,2022/05/28
565,1.128.38.215,2022/06/28
566,52.98.124.127,2022/09/01
567,118.143.36.14,2022/05/08
568,4.22.182.5,2022/05/03
569,178.108.85.209,2021/11/16
570,102.74.235.69,2022/09/30
571,21.187.66.73,2021/12/24
572,214.96.143.3,2022/08/28
573,157.203.39.112,2022/04/24
574,6.150.66.97,2021/12/20
575,91.170.205.224,2022/07/12
576,169.117.186.219,2022/10/04
577,55.225.175.141,2022/07/21
578,237.114.144.44,2022/05/22
579,240.88.88.166,2022/03/10
580,218.221.190.109,2022/02/25
581,223.200.105.11,2022/08/03
582,147.3.243.95,2022/03/27
583,155.42.247.53,2022/01/24
584,172.41.126.173,2022/07/16
585,114.75.61.84,2022/01/29
586,238.190.81.115,2022/10/24
587,151.105.143.47,2022/07/31
588,13.3.162.132,2022/06/05
589,192.254.106.208,2021/11/23
590,158.205.231.178,2022/07/21
591,27.214.118.150,2022/08/07
592,117.199.179.122,2022/08/10
593,127.182.248.189,2022/04/05
594,61.216.67.204,2022/04/06
595,79.110.47.97,2022/01/03
596,99.224.253.115,2022/04/11
597,101.214.177.2,2022/03/22
598,149.83.245.189,2022/09/26
599,26.30.99.57,2022/10/06
600,167.216.211.9,2022/01/05
601,254.72.27.92,2022/04/21
602,228.127.16.23,2022/02/01
603,205.68.52.100,2022/09/25
604,155.35.156.83,2022/04/27
605,211.218.8.118,2022/07/23
606,220.104.3.17,2022/02/10
607,38.215.216.28,2022/01/08
608,118.4.117.195,2022/01/11
609,114.66.231.77,2022/02/10
610,118.50.110.227,2022/10/08
611,49.63.187.124,2022/07/25
612,4.175.87.62,2021/11/16
613,0.140.193.154,2022/02/26
614,49.95.171.27,2022/02/01
615,202.109.32.130,2022/03/06
616,88.122.11.164,2022/01/20
617,64.87.67.64,2022/01/14
618,228.162.189.233,2022/04/30
619,105.194.20.247,2022/06/10
620,187.56.82.110,2022/05/18
621,75.28.127.220,2022/01/26
622,97.133.188.194,2022/03/03
623,194.86.52.238,2022/02/10
624,226.44.234.63,2022/08/15
625,179.178.110.49,2022/02/28
626,21.68.33.200,2022/06/19
627,126.100.226.127,2022/07/05
628,55.13.89.211,2021/11/29
629,166.126.211.73,2022/05/21
630,91.72.154.133,2021/11/17
631,55.78.185.196,2022/09/03
632,99.76.66.3,2022/07/16
633,166.89.177.94,2022/02/07
634,229.184.181.208,2022/09/15
635,11.151.228.18,2022/10/31
636,32.104.77.42,2022/09/09
637,21.196.163.216,2022/03/17
638,65.158.237.74,2022/08/16
639,207.78.103.91,2022/04/06
640,177.31.253.197,2022/08/30
641,241.141.151.67,2021/11/20
642,247.237.19.171,2022/02/10
643,249.231.101.10,2022/11/03
644,21.245.233.226,2022/01/15
645,222.59.247.164,2022/02/05
646,190.234.135.101,2022/04/24
647,147.159.225.51,2022/06/10
648,223.206.54.134,2022/03/26
649,38.167.221.190,2022/09/20
650,42.242.205.195,2022/01/31
651,208.83.22.163,2022/05/03
652,57.145.46.50,2022/07/27
653,67.2.235.152,2022/02/12
654,211.185.207.179,2022/09/05
655,15.196.139.240,2022/01/21
656,162.83.109.185,2022/01/04
657,131.210.219.230,2022/05/11
658,151.127.19.212,2022/06/01
659,49.112.140.6,2021/12/15
660,92.40.83.7,2022/05/17
661,66.119.52.213,2022/01/07
662,211.16.247.122,2022/07/28
663,212.158.216.155,2022/06/08
664,158.76.56.157,2022/04/12
665,81.218.78.163,2022/04/13
666,42.143.78.19,2022/01/13
667,11.131.35.86,2022/10/12
668,52.37.188.120,2022/02/11
669,165.173.181.2,2021/11/27
670,48.51.113.26,2022/02/01
671,155.127.226.248,2021/11/13
672,172.128.29.224,2021/11/25
673,76.70.222.84,2022/02/27
674,34.148.76.181,2022/04/06
675,72.35.143.218,2022/06/16
676,20.42.86.120,2022/04/04
677,47.172.244.100,2022/04/20
678,31.141.98.111,2022/08/08
679,43.185.163.58,2022/07/10
680,45.24.45.95,2022/01/04
681,56.252.44.154,2022/05/08
682,68.216.249.75,2022/04/02
683,138.29.233.123,2022/02/08
684,27.106.115.111,2022/10/18
685,10.239.128.8,2022/04/17
686,157.180.122.145,2022/03/27
687,124.136.173.162,2022/07/26
688,57.185.156.114,2022/07/01
689,165.46.87.20,2022/05/20
690,149.130.19.70,2022/02/18
691,18.176.21.72,2021/12/12
692,79.220.139.45,2022/04/04
693,101.200.107.195,2022/06/06
694,87.236.149.215,2021/12/18
695,1.229.133.99,2022/04/06
696,45.29.206.5,2022/08/01
697,224.112.120.102,2022/06/10
698,242.114.205.2,2022/10/15
699,241.116.0.176,2022/06/25
700,212.134.167.16,2021/12/02
701,209.136.170.150,2022/11/03
702,21.222.231.98,2022/03/01
703,63.247.17.71,2022/06/03
704,150.161.219.165,2022/10/20
705,181.29.100.96,2022/06/29
706,14.160.38.21,2021/11/06
707,162.194.196.158,2022/05/29
708,191.67.37.71,2022/02/12
709,86.228.114.250,2022/08/22
710,42.101.71.14,2021/11/24
711,22.43.243.54,2022/03/07
712,61.46.251.123,2022/03/22
713,175.29.184.25,2021/12/29
714,57.90.156.252,2022/03/26
715,247.219.244.184,2022/09/04
716,200.141.247.192,2022/08/15
717,131.189.193.80,2022/01/08
718,151.213.240.207,2022/01/21
719,197.136.79.222,2022/03/14
720,158.167.134.152,2022/07/11
721,40.195.19.171,2021/12/03
722,96.177.205.236,2022/01/19
723,8.154.107.150,2022/10/18
724,139.80.107.150,2022/10/27
725,102.218.49.226,2022/08/25
726,123.167.45.143,2022/05/25
727,177.218.125.175,2021/12/02
728,128.17.51.59,2022/07/22
729,59.144.135.31,2022/08/02
730,31.62.79.215,2022/10/01
731,221.223.145.95,2021/12/24
732,252.217.37.117,2022/03/06
733,240.157.8.73,2022/01/10
734,209.148.188.251,2022/08/05
735,32.71.63.225,2022/02/22
736,132.80.11.168,2022/04/09
737,77.208.58.97,2022/04/27
738,75.123.248.64,2022/03/05
739,12.88.147.107,2022/10/03
740,245.253.38.48,2022/04/01
741,28.160.118.138,2022/09/03
742,250.221.7.101,2021/11/28
743,76.42.14.28,2021/11/27
744,206.36.186.102,2022/07/22
745,50.76.68.151,2022/07/29
746,236.31.134.150,2022/04/20
747,175.180.35.48,2022/05/09
748,134.44.154.137,2022/10/16
749,232.49.44.33,2022/06/17
750,75.252.27.75,2022/07/15
751,117.136.163.152,2022/07/21
752,155.201.48.254,2022/10/09
753,177.105.128.65,2021/11/07
754,172.73.45.241,2022/05/16
755,34.195.103.183,2022/02/27
756,177.137.154.29,2022/06/28
757,60.86.104.125,2021/12/22
758,145.57.63.36,2022/07/11
759,177.180.138.150,2022/02/24
760,82.61.42.31,2022/09/22
761,202.182.176.102,2022/10/07
762,106.51.213.221,2022/07/04
763,80.181.162.6,2022/09/18
764,237.71.54.99,2022/01/18
765,182.102.19.176,2021/11/10
766,20.190.93.225,2022/08/24
767,137.225.248.72,2021/12/14
768,145.174.203.245,2021/12/31
769,75.135.14.242,2022/06/16
770,248.191.37.171,2022/02/13
771,239.219.69.5,2022/03/17
772,244.225.241.141,2022/03/07
773,241.88.2.209,2022/08/05
774,38.1.114.35,2022/07/29
775,0.226.99.107,2022/01/17
776,195.73.67.107,2022/09/13
777,41.26.178.144,2022/08/27
778,3.211.139.226,2022/08/23
779,232.239.56.117,2021/12/08
780,240.17.236.234,2022/07/06
781,143.46.156.117,2022/02/17
782,110.23.160.49,2022/07/09
783,127.183.70.52,2021/11/16
784,37.10.89.174,2022/05/03
785,199.116.125.232,2022/10/06
786,83.41.114.153,2022/04/02
787,139.249.237.195,2022/07/15
788,150.227.140.104,2022/04/23
789,27.140.161.253,2022/09/12
790,62.129.154.213,2022/05/01
791,194.147.143.0,2022/10/22
792,40.158.248.168,2022/11/04
793,68.86.101.28,2022/01/13
794,62.91.34.114,2022/03/04
795,59.171.110.77,2022/01/13
796,173.165.101.23,2022/10/26
797,46.213.139.47,2022/04/07
798,125.104.114.111,2021/12/31
799,187.133.139.229,2022/09/08
800,161.220.187.171,2022/03/01
801,187.108.144.244,2022/04/04
802,120.48.235.16,2022/04/10
803,29.138.192.239,2022/06/23
804,96.206.194.36,2022/07/23
805,249.173.105.141,2021/11/07
806,111.106.71.49,2022/02/26
807,71.148.242.71,2021/11/21
808,29.248.93.233,2022/05/20
809,55.117.107.120,2022/06/21
810,48.144.89.213,2022/01/20
811,155.223.88.157,2022/08/05
812,190.227.164.59,2021/11/22
813,3.42.70.154,2022/11/02
814,238.152.12.186,2021/12/08
815,42.61.136.70,2022/05/27
816,114.220.150.184,2022/06/11
817,1.67.44.251,2022/01/08
818,105.143.134.137,2022/01/14
819,60.95.134.250,2021/12/22
820,118.213.8.177,2022/03/20
821,74.107.47.26,2022/01/11
822,208.170.246.227,2022/06/16
823,248.65.92.35,2022/04/14
824,85.15.104.196,2022/07/21
825,1.215.195.195,2022/05/12
826,211.210.172.93,2022/07/18
827,99.235.71.173,2022/03/28
828,162.207.115.252,2022/02/05
829,89.200.49.207,2022/04/02
830,140.4.243.215,2022/09/01
831,37.47.239.145,2021/12/14
832,68.151.134.114,2022/06/17
833,155.193.2.174,2021/11/13
834,139.9.35.125,2022/07/18
835,115.209.218.55,2022/08/07
836,100.34.7.149,2022/10/22
837,59.2.75.210,2022/01/31
838,70.227.154.184,2022/03/12
839,212.111.33.157,2022/04/28
840,167.166.175.196,2022/04/05
841,62.174.55.122,2022/08/21
842,23.231.213.36,2022/04/12
843,40.138.6.237,2022/01/30
844,138.18.171.132,2022/05/22
845,218.41.196.184,2022/01/05
846,148.199.218.5,2022/07/30
847,164.206.16.237,2022/08/12
848,207.83.245.200,2022/02/08
849,102.213.150.5,2022/07/03
850,59.179.11.111,2022/04/08
851,180.15.77.229,2022/04/04
852,23.52.97.42,2021/12/13
853,4.234.90.160,2022/01/29
854,60.85.31.133,2022/05/17
855,41.126.62.157,2022/04/29
856,15.130.135.111,2022/04/13
857,199.20.15.74,2022/03/15
858,227.224.156.131,2022/10/15
859,185.228.240.83,2022/09/17
860,242.93.101.157,2022/09/10
861,167.48.162.61,2022/02/21
862,29.212.185.181,2022/09/10
863,171.184.238.114,2021/11/05
864,101.129.191.139,2022/02/03
865,193.76.211.26,2022/10/04
866,73.217.151.230,2022/03/28
867,160.223.128.111,2022/07/01
868,231.198.11.127,2022/03/05
869,76.3.160.227,2022/10/12
870,27.139.209.91,2022/09/04
871,43.178.94.0,2021/11/17
872,27.206.102.8,2022/06/17
873,192.13.142.102,2021/11/21
874,65.136.78.240,2022/01/17
875,230.19.130.6,2022/06/17
876,183.14.141.65,2021/11/17
877,187.253.184.195,2022/09/05
878,20.22.246.177,2022/09/02
879,255.152.3.114,2022/05/11
880,185.107.92.101,2022/06/13
881,247.128.79.136,2022/01/26
882,197.32.161.213,2022/03/16
883,241.242.32.53,2022/04/21
884,57.33.164.123,2022/09/10
885,146.130.26.196,2022/07/25
886,17.85.198.85,2022/07/08
887,213.118.45.229,2022/01/27
888,75.96.81.244,2022/11/03
889,96.96.110.253,2021/12/11
890,207.157.215.190,2022/02/06
891,67.104.111.36,2022/05/02
892,102.52.162.200,2022/03/26
893,166.49.82.217,2022/01/25
894,233.109.77.31,2022/07/31
895,181.97.190.249,2022/02/23
896,7.247.128.58,2022/09/18
897,121.206.54.2,2021/11/19
898,74.104.7.248,2022/06/06
899,50.34.142.235,2022/05/13
900,129.40.255.81,2021/11/19
901,110.85.176.37,2022/08/07
902,168.85.140.81,2022/04/14
903,190.48.168.21,2022/06/27
904,162.252.110.247,2022/08/08
905,218.69.76.31,2022/09/25
906,236.203.17.32,2022/08/10
907,125.99.170.168,2022/04/28
908,89.203.76.21,2022/01/14
909,181.59.179.224,2022/04/29
910,201.204.180.140,2022/02/18
911,29.24.132.138,2022/05/08
912,151.71.163.20,2022/03/09
913,6.219.27.199,2021/12/17
914,29.76.11.245,2022/07/25
915,224.206.68.60,2022/10/12
916,241.200.104.196,2021/12/28
917,157.165.237.143,2022/01/21
918,97.68.150.81,2022/08/14
919,194.0.213.203,2022/07/31
920,252.75.239.131,2022/06/07
921,105.64.90.131,2022/04/16
922,66.153.36.1,2022/07/31
923,201.90.39.171,2022/02/05
924,182.236.43.3,2022/06/23
925,31.97.235.117,2022/06/24
926,66.239.94.83,2022/02/14
927,224.118.158.47,2022/08/17
928,7.206.169.27,2022/06/02
929,237.83.239.66,2021/12/10
930,101.70.81.146,2022/09/29
931,165.223.35.192,2022/04/30
932,209.101.235.1,2022/02/18
933,69.188.61.23,2022/07/01
934,238.33.22.209,2022/02/13
935,242.210.181.135,2021/11/26
936,246.132.121.80,2022/02/19
937,238.209.95.146,2022/06/22
938,22.164.181.28,2021/12/13
939,158.113.135.245,2022/04/25
940,247.83.197.246,2021/12/14
941,142.124.128.111,2022/10/04
942,200.194.112.87,2022/03/07
943,4.46.205.115,2022/05/12
944,112.50.179.191,2022/09/02
945,59.216.152.100,2022/07/01
946,188.247.164.238,2022/03/28
947,224.212.10.62,2022/05/17
948,57.33.218.57,2022/09/27
949,68.29.120.123,2022/10/17
950,33.72.76.183,2022/03/10
951,20.9.153.35,2022/04/25
952,181.43.9.146,2022/03/04
953,243.207.19.150,2022/06/19
954,39.115.54.236,2022/06/13
955,226.99.141.184,2021/11/08
956,125.207.201.9,2022/09/10
957,160.207.171.240,2022/01/20
958,77.22.191.205,2021/11/26
959,95.119.20.232,2022/08/31
960,2.25.206.18,2022/07/11
961,250.151.109.199,2022/07/23
962,124.125.195.247,2022/03/23
963,101.49.187.161,2022/03/29
964,221.121.30.227,2022/07/09
965,42.220.67.22,2022/07/02
966,238.44.20.26,2022/09/05
967,129.73.66.38,2022/08/24
968,7.176.51.21,2022/08/23
969,233.134.227.123,2022/05/12
970,227.186.80.121,2022/05/27
971,64.227.181.112,2022/07/20
972,7.163.166.190,2022/10/21
973,31.110.95.25,2022/05/02
974,177.91.13.180,2022/04/25
975,15.143.160.123,2022/02/02
976,253.24.45.119,2021/12/07
977,81.7.83.246,2022/10/22
978,73.248.43.62,2022/04/27
979,94.46.83.101,2022/01/22
980,255.191.55.67,2022/06/11
981,138.95.186.130,2021/11/26
982,128.175.14.220,2022/02/13
983,83.5.230.66,2022/01/16
984,18.16.11.34,2022/03/20
985,51.47.4.94,2022/01/31
986,139.178.114.205,2022/06/21
987,210.152.186.37,2021/11/10
988,203.19.149.54,2022/05/27
989,223.231.56.202,2022/10/13
990,51.124.69.27,2022/04/30
991,122.12.166.113,2022/06/04
992,43.14.13.84,2022/05/29
993,66.205.206.134,2021/11/05
994,148.29.123.88,2021/11/28
995,217.119.125.161,2021/12/07
996,240.141.213.155,2022/07/29
997,11.250.90.242,2022/09/29
998,27.69.6.249,2022/09/21
999,242.247.120.190,2022/04/14
1000,85.158.142.128,2022/09/04
